<?xml version="1.0" encoding="UTF-8"?>
<beans xmlns="http://www.springframework.org/schema/beans"
	xmlns:xsi="http://www.w3.org/2001/XMLSchema-instance" xmlns:p="http://www.springframework.org/schema/p"
	xmlns:context="http://www.springframework.org/schema/context"
	xmlns:aop="http://www.springframework.org/schema/aop" xmlns:tx="http://www.springframework.org/schema/tx"
	xsi:schemaLocation=" http://www.springframework.org/schema/beans http://www.springframework.org/schema/beans/spring-beans-3.0.xsd 
	http://www.springframework.org/schema/aop http://www.springframework.org/schema/aop/spring-aop-3.0.xsd 
	http://www.springframework.org/schema/tx http://www.springframework.org/schema/tx/spring-tx-3.0.xsd
	http://www.springframework.org/schema/context http://www.springframework.org/schema/context/spring-context-3.0.xsd">
    
    <bean id="userDao" class="com.yjy.TaShaArt.dao.impl.UserDaoImpl" parent="baseDao"></bean>
    <bean id="simplePageDao" class="com.yjy.TaShaArt.dao.impl.SimplePageDaoImpl" parent="baseDao"></bean>
    <bean id="teacherDao" class="com.yjy.TaShaArt.dao.impl.TeacherDaoImpl" parent="baseDao"></bean>
    <bean id="messageDao" class="com.yjy.TaShaArt.dao.impl.MessageDaoImpl" parent="baseDao"></bean>
    <bean id="newsDao" class="com.yjy.TaShaArt.dao.impl.NewsDaoImpl" parent="baseDao"></bean>
    <bean id="videoDao" class="com.yjy.TaShaArt.dao.impl.VideoDaoImpl" parent="baseDao"></bean>
    <bean id="pictureDao" class="com.yjy.TaShaArt.dao.impl.PictureDaoImpl" parent="baseDao"></bean>
    <bean id="onlineRegistDao" class="com.yjy.TaShaArt.dao.impl.OnlineRegistDaoImpl" parent="baseDao"></bean>
    <bean id="studentDao" class="com.yjy.TaShaArt.dao.impl.StudentDaoImpl" parent="baseDao"></bean>
    <bean id="activityDao" class="com.yjy.TaShaArt.dao.impl.ActivityDaoImpl" parent="baseDao"></bean>

    <!-- 扫描service -->
    <context:component-scan base-package="com.yjy.TaShaArt.service.impl" />
</beans>
