<?xml version="1.0" encoding="UTF-8" ?>
<!DOCTYPE struts PUBLIC
	"-//Apache Software Foundation//DTD Struts Configuration 2.3//EN"
	"http://struts.apache.org/dtds/struts-2.3.dtd">

<struts>
	<package name="login-action" namespace="/" extends="struts-default">
		<action name="login" class="com.yjy.TaShaArt.action.UserAction" method="login">
			<result name="login">/login.jsp</result>
			<result name="mainFrame">/WEB-INF/jsp/mainFrame.jsp</result>
		</action>
		<action name="mainFrame" class="com.yjy.TaShaArt.action.UserAction" method="mainFrame">
			<result name="mainFrame">/WEB-INF/jsp/mainFrame.jsp</result>
		</action>
		
		<!-- 处理管理员相关 -->
		<action name="sendUserMail" class="com.yjy.TaShaArt.action.UserAction" method="sendUserMail"></action>
		<action name="user_*" class="com.yjy.TaShaArt.action.UserAction" method="{1}">
			<result name="{1}">/WEB-INF/jsp/user/{1}.jsp</result>
			<result name="list" type="redirectAction">
				<param name="actionName">user_listUI</param>
				<param name="user.name">${strName}</param>
				<param name="encode">true</param>
			</result>
			<result name="login">/login.jsp</result>
		</action>
		
		<!-- 处理单页面相关 -->
		<action name="findSimplePage" class="com.yjy.TaShaArt.action.SimplePageAction" method="findSimplePage">
			<result name="schoolProfile">/WEB-INF/jsp/default/schoolProfile.jsp</result>
			<result name="organStructure">/WEB-INF/jsp/default/organStructure.jsp</result>
			<result name="officialSay">/WEB-INF/jsp/default/officialSay.jsp</result>
			<result name="recruitInfo">/WEB-INF/jsp/default/recruitInfo.jsp</result>
			<result name="recruitBrochure">/WEB-INF/jsp/default/recruitBrochure.jsp</result>
			<result name="musicProfessional">/WEB-INF/jsp/default/musicProfessional.jsp</result>
			<result name="mediaProfessional">/WEB-INF/jsp/default/mediaProfessional.jsp</result>
			<result name="danceProfessional">/WEB-INF/jsp/default/danceProfessional.jsp</result>
			<result name="newStudentGuide">/WEB-INF/jsp/default/newStudentGuide.jsp</result>
			<result name="expenseStandard">/WEB-INF/jsp/default/expenseStandard.jsp</result>
			<result name="admissionsNotice">/WEB-INF/jsp/default/admissionsNotice.jsp</result>
		</action>
		<action name="editSimplePage" class="com.yjy.TaShaArt.action.SimplePageAction" method="editSimplePage"></action>
		<action name="findSimplePageShow" class="com.yjy.TaShaArt.action.SimplePageAction" method="findSimplePageShow"></action>
		
		<!-- 处理教师相关 -->
		<action name="teacher_*" class="com.yjy.TaShaArt.action.TeacherAction" method="{1}">
			<result name="{1}">/WEB-INF/jsp/teacher/{1}.jsp</result>
			<result name="list" type="redirectAction">
				<param name="actionName">teacher_listUI</param>
				<param name="teacher.type">${strName}</param>
				<param name="encode">true</param>
			</result>
		</action>
		<!-- 页面显示需要的数据 -->
		<action name="findTeacherShow" class="com.yjy.TaShaArt.action.TeacherAction" method="findTeacherShow"></action>
		<action name="findTeacherByIdShow" class="com.yjy.TaShaArt.action.TeacherAction" method="findTeacherByIdShow"></action>
		
		
		<!-- 处理 知识问答模块 -->
		<action name="message_*" class="com.yjy.TaShaArt.action.MessageAction" method="{1}">
			<result name="{1}">/WEB-INF/jsp/message/{1}.jsp</result>
			<result name="list" type="redirectAction">
				<param name="actionName">message_listUI</param>
			</result>
		</action>
		<!-- 页面显示需要的数据 -->
		<action name="findMessageShow" class="com.yjy.TaShaArt.action.MessageAction" method="findMessageShow"></action>
		<action name="findByIdMessageShow" class="com.yjy.TaShaArt.action.MessageAction" method="findByIdMessageShow"></action>
		
		<!-- 处理新闻相关 -->
		<action name="news_*" class="com.yjy.TaShaArt.action.NewsAction" method="{1}">
			<result name="{1}">/WEB-INF/jsp/news/{1}.jsp</result>
			<result name="list" type="redirectAction">
				<param name="actionName">news_listUI</param>
			</result>
		</action>
		<!-- 页面显示需要的数据 -->
		<action name="findNewsShow" class="com.yjy.TaShaArt.action.NewsAction" method="findNewsShow"></action>
		<action name="findNewsByIdShow" class="com.yjy.TaShaArt.action.NewsAction" method="findNewsByIdShow"></action>
		<action name="findNewsTop10Show" class="com.yjy.TaShaArt.action.NewsAction" method="findNewsTop10Show"></action>
		
		<!-- 塔莎视频模块 -->
		<action name="video_*" class="com.yjy.TaShaArt.action.VideoAction" method="{1}">
			<result name="{1}">/WEB-INF/jsp/video/{1}.jsp</result>
			<result name="list" type="redirectAction">
				<param name="actionName">video_listUI</param>
			</result>
		</action>
		<action name="findVidoeShow" class="com.yjy.TaShaArt.action.VideoAction" method="findVidoeShow">
			<result name="videoShow">/news/videoShow.jsp</result>
		</action>
		<action name="findVideoShow" class="com.yjy.TaShaArt.action.VideoAction" method="findVideoShow"></action>
		
		
		<!-- 查找图片 -->		
		<action name="findPictureShow" class="com.yjy.TaShaArt.action.PictureAction" method="findPictureShow"></action>
	
		<!-- 在线报名 -->
		<action name="sendMyMail" class="com.yjy.TaShaArt.action.OnlineRegistAction" method="sendMyMail"></action>
		<action name="addOnlineRegist" class="com.yjy.TaShaArt.action.OnlineRegistAction" method="addOnlineRegist"></action>
		<action name="onlineRegist_*" class="com.yjy.TaShaArt.action.OnlineRegistAction" method="{1}">
			<result name="{1}">/WEB-INF/jsp/onlineRegist/{1}.jsp</result>
			<result name="list" type="redirectAction">
				<param name="actionName">onlineRegist_listUI</param>
			</result>
		</action>
		
		<!-- 学生信息 -->
		<action name="student_*" class="com.yjy.TaShaArt.action.StudentAction" method="{1}">
			<result name="{1}">/WEB-INF/jsp/student/{1}.jsp</result>
			<result name="list" type="redirectAction">
				<param name="actionName">student_listUI</param>
			</result>
		</action>
		<action name="findStudentShow" class="com.yjy.TaShaArt.action.StudentAction" method="findStudentShow"></action>
		
		<!-- 学生活动 -->
		<action name="activity_*" class="com.yjy.TaShaArt.action.ActivityAction" method="{1}">
			<result name="{1}">/WEB-INF/jsp/activity/{1}.jsp</result>
			<result name="list" type="redirectAction">
				<param name="actionName">activity_listUI</param>
			</result>
		</action>
		<action name="findActivityShow" class="com.yjy.TaShaArt.action.ActivityAction" method="findActivityShow"></action>
		
	</package>

</struts>
