<?xml version="1.0" encoding="utf-8"?>
<!DOCTYPE hibernate-mapping PUBLIC "-//Hibernate/Hibernate Mapping DTD 3.0//EN"
"http://hibernate.sourceforge.net/hibernate-mapping-3.0.dtd">

<hibernate-mapping>
	<class name="com.yjy.TaShaArt.entity.Activity" table="activity">
		<id name="id" type="java.lang.Integer">
            <column name="id" />
            <generator class="native" />
        </id>
        <property name="title" column="title"/>
        <property name="content" column="content" length="2048" />
        <property name="createTime" column="createTime"/>
	</class>
</hibernate-mapping>
	