<?xml version="1.0" encoding="utf-8"?>
<!DOCTYPE hibernate-mapping PUBLIC "-//Hibernate/Hibernate Mapping DTD 3.0//EN"
"http://hibernate.sourceforge.net/hibernate-mapping-3.0.dtd">

<hibernate-mapping>
	<class name="com.yjy.TaShaArt.entity.Message" table="message">
		<id name="id" type="java.lang.Integer">
            <column name="id" />
            <generator class="native" />
        </id>
        <property name="userName" column="userName"/>
        <property name="email" column="email"/>
        <property name="mobile" column="mobile"/>
        <property name="qq" column="qq"/>
        <property name="publish" column="publish"/>
        <property name="question" column="question" length="2048"/>
        <property name="answer" column="answer" length="2048"/>
	</class>
</hibernate-mapping>
	