<?xml version="1.0" encoding="utf-8"?>
<!DOCTYPE hibernate-mapping PUBLIC "-//Hibernate/Hibernate Mapping DTD 3.0//EN"
"http://hibernate.sourceforge.net/hibernate-mapping-3.0.dtd">

<hibernate-mapping>
	<class name="com.yjy.TaShaArt.entity.OnlineRegist" table="onlineRegist">
		<id name="id" type="java.lang.Integer">
            <column name="id" />
            <generator class="native" />
        </id>
        <property name="name" column="name"/>
        <property name="gender" column="gender"/>
        <property name="cardNo" column="cardNo"/>
        <property name="email" column="email"/>
        <property name="cellphone" column="cellphone" />
        <property name="graduation" column="graduation" />
        <property name="postcode" column="postcode" />
        <property name="address" column="address" />
	</class>
</hibernate-mapping>
	