<?xml version="1.0" encoding="utf-8"?>
<!DOCTYPE hibernate-mapping PUBLIC "-//Hibernate/Hibernate Mapping DTD 3.0//EN"
"http://hibernate.sourceforge.net/hibernate-mapping-3.0.dtd">

<hibernate-mapping>
	<class name="com.yjy.TaShaArt.entity.SimplePage" table="simplePage">
		<id name="id" type="java.lang.Integer">
            <column name="id" />
            <generator class="native" />
        </id>
        <property name="type" column="type"/>
        <property name="typeName" column="typeName"/>
        <property name="userName" column="userName"/>
        <property name="content" type="java.lang.String">
        	<column name="content" not-null="true" sql-type="LONGTEXT"/>
        </property>
        
        <property name="createTime" column="createTime"/>
	</class>
</hibernate-mapping>
	