<?xml version="1.0" encoding="utf-8"?>
<!DOCTYPE hibernate-mapping PUBLIC "-//Hibernate/Hibernate Mapping DTD 3.0//EN"
"http://hibernate.sourceforge.net/hibernate-mapping-3.0.dtd">

<hibernate-mapping>
	<class name="com.yjy.TaShaArt.entity.Student" table="student">
		<id name="id" type="java.lang.Integer">
            <column name="id" />
            <generator class="native" />
        </id>
        <property name="name" column="name" length="32"/>
        <property name="gender" column="gender" />
        <property name="headImg" column="headImg" />
        <property name="accessUniversity" column="accessUniversity" />
        <property name="specialty" column="specialty" length="32"/>
        <property name="passSchool" column="passSchool" length="32"/>
        <property name="fromClass" column="fromClass" length="32"/>
        <property name="type" column="type" length="32"/>
	</class>
</hibernate-mapping>
	