<?xml version="1.0" encoding="utf-8"?>
<!DOCTYPE hibernate-mapping PUBLIC "-//Hibernate/Hibernate Mapping DTD 3.0//EN"
"http://hibernate.sourceforge.net/hibernate-mapping-3.0.dtd">

<hibernate-mapping>
	<class name="com.yjy.TaShaArt.entity.Teacher" table="teacher">
		<id name="id" type="java.lang.Integer">
            <column name="id" />
            <generator class="native" />
        </id>
        <property name="type" column="type"/>
        <property name="name" column="name"/>
        <property name="headImg" column="headImg"/>
        <property name="mobile" column="mobile"/>
        <property name="jobTitle" column="jobTitle"/>
        <property name="school" column="school"/>
        <property name="introduction" column="introduction" length="1024" />
        <property name="features" column="features" length="1024" />
	</class>
</hibernate-mapping>
	