<?xml version="1.0" encoding="utf-8"?>
<!DOCTYPE hibernate-mapping PUBLIC "-//Hibernate/Hibernate Mapping DTD 3.0//EN"
"http://hibernate.sourceforge.net/hibernate-mapping-3.0.dtd">

<hibernate-mapping>
	<class name="com.yjy.TaShaArt.entity.User" table="user">
		<id name="id" type="java.lang.Integer">
            <column name="id" />
            <generator class="native" />
        </id>
        <property name="account" column="account"/>
        <property name="name" column="name"/>
        <property name="password" column="password"/>
        
        <property name="headImg" column="headImg"/>
        <property name="gender" column="gender"/>
        <property name="mobile" column="mobile"/>
        <property name="email" column="email"/>
        <property name="birthday" column="birthday"/>
        <property name="address" column="address"/>
	</class>
</hibernate-mapping>
	