<?xml version="1.0" encoding="utf-8"?>
<!DOCTYPE hibernate-mapping PUBLIC "-//Hibernate/Hibernate Mapping DTD 3.0//EN"
"http://hibernate.sourceforge.net/hibernate-mapping-3.0.dtd">

<hibernate-mapping>
	<class name="com.yjy.TaShaArt.entity.Video" table="video">
		<id name="id" type="java.lang.Integer">
            <column name="id" />
            <generator class="native" />
        </id>
        <property name="title" column="title"/>
        <property name="videoImg" column="videoImg"/>
        <property name="directory" column="directory" length="128" />
        <property name="descride" column="descride" length="1024" />
        <property name="createTime" column="createTime"/>
        <property name="scanCount" column="scanCount" />
	</class>
</hibernate-mapping>
	